Month,NonRecreationVisitors,RecreationVisitors,UnitCode,UnitName,Year
1,5432204,6348991,Parkwide,All NPS Park Units,1979
2,4697126,7080872,Parkwide,All NPS Park Units,1979
3,6300511,12199206,Parkwide,All NPS Park Units,1979
4,6684383,16523304,Parkwide,All NPS Park Units,1979
5,7024187,18766297,Parkwide,All NPS Park Units,1979
6,6701146,24312567,Parkwide,All NPS Park Units,1979
7,7092116,32959011,Parkwide,All NPS Park Units,1979
8,7103073,31376333,Parkwide,All NPS Park Units,1979
9,7154488,19843534,Parkwide,All NPS Park Units,1979
10,7189175,17391533,Parkwide,All NPS Park Units,1979
11,5802030,10526591,Parkwide,All NPS Park Units,1979
12,5884867,8041556,Parkwide,All NPS Park Units,1979
1,5889356,7460393,Parkwide,All NPS Park Units,1980
2,5445680,7710887,Parkwide,All NPS Park Units,1980
3,5805470,11218075,Parkwide,All NPS Park Units,1980
4,6645552,16022120,Parkwide,All NPS Park Units,1980
5,6731887,20835342,Parkwide,All NPS Park Units,1980
6,6803950,26744946,Parkwide,All NPS Park Units,1980
7,7475505,37275095,Parkwide,All NPS Park Units,1980
8,6958916,34175930,Parkwide,All NPS Park Units,1980
9,7088831,20747489,Parkwide,All NPS Park Units,1980
10,7095629,18109926,Parkwide,All NPS Park Units,1980
11,6646680,11495645,Parkwide,All NPS Park Units,1980
12,7273415,8667363,Parkwide,All NPS Park Units,1980
1,6799576,8463025,Parkwide,All NPS Park Units,1981
2,6956598,8869569,Parkwide,All NPS Park Units,1981
3,7145240,12454568,Parkwide,All NPS Park Units,1981
4,7430931,17501763,Parkwide,All NPS Park Units,1981
5,7782755,22948439,Parkwide,All NPS Park Units,1981
6,7636726,29107730,Parkwide,All NPS Park Units,1981
7,9167794,38966590,Parkwide,All NPS Park Units,1981
8,8089029,36337582,Parkwide,All NPS Park Units,1981
9,8022744,24118654,Parkwide,All NPS Park Units,1981
10,7785653,19097895,Parkwide,All NPS Park Units,1981
11,6796264,11784297,Parkwide,All NPS Park Units,1981
12,7457321,8942557,Parkwide,All NPS Park Units,1981
1,6243985,7517213,Parkwide,All NPS Park Units,1982
2,6528925,8771036,Parkwide,All NPS Park Units,1982
3,6961545,13390859,Parkwide,All NPS Park Units,1982
4,7316395,19122832,Parkwide,All NPS Park Units,1982
5,7761178,23641754,Parkwide,All NPS Park Units,1982
6,7713304,29958534,Parkwide,All NPS Park Units,1982
7,8111903,40483733,Parkwide,All NPS Park Units,1982
8,8120676,35736212,Parkwide,All NPS Park Units,1982
9,7967496,23832616,Parkwide,All NPS Park Units,1982
10,7921163,20044132,Parkwide,All NPS Park Units,1982
11,7382002,12909969,Parkwide,All NPS Park Units,1982
12,7494864,9515689,Parkwide,All NPS Park Units,1982
1,7280401,8377167,Parkwide,All NPS Park Units,1983
2,6674984,9105742,Parkwide,All NPS Park Units,1983
3,7213004,12906983,Parkwide,All NPS Park Units,1983
4,7561362,16874707,Parkwide,All NPS Park Units,1983
5,8359346,22550259,Parkwide,All NPS Park Units,1983
6,8185129,31119107,Parkwide,All NPS Park Units,1983
7,8869755,40921505,Parkwide,All NPS Park Units,1983
8,8503841,35502382,Parkwide,All NPS Park Units,1983
9,7284870,25175799,Parkwide,All NPS Park Units,1983
10,7527095,19901746,Parkwide,All NPS Park Units,1983
11,6757421,12729011,Parkwide,All NPS Park Units,1983
12,7809727,8454988,Parkwide,All NPS Park Units,1983
1,5813099,8361532,Parkwide,All NPS Park Units,1984
2,6365254,9875196,Parkwide,All NPS Park Units,1984
3,6614381,13545633,Parkwide,All NPS Park Units,1984
4,6601023,18232682,Parkwide,All NPS Park Units,1984
5,7204425,23352186,Parkwide,All NPS Park Units,1984
6,7298282,30585276,Parkwide,All NPS Park Units,1984
7,7335844,37772735,Parkwide,All NPS Park Units,1984
8,7716133,35443920,Parkwide,All NPS Park Units,1984
9,7344203,25751191,Parkwide,All NPS Park Units,1984
10,7474147,20756751,Parkwide,All NPS Park Units,1984
11,6938169,14098635,Parkwide,All NPS Park Units,1984
12,7180814,11009772,Parkwide,All NPS Park Units,1984
1,5848187,8801859,Parkwide,All NPS Park Units,1985
2,5631387,10076244,Parkwide,All NPS Park Units,1985
3,6613432,15145097,Parkwide,All NPS Park Units,1985
4,6817343,20910934,Parkwide,All NPS Park Units,1985
5,7578144,26049751,Parkwide,All NPS Park Units,1985
6,7419748,32003191,Parkwide,All NPS Park Units,1985
7,7797433,40637713,Parkwide,All NPS Park Units,1985
8,7912151,37168246,Parkwide,All NPS Park Units,1985
9,6985011,26310199,Parkwide,All NPS Park Units,1985
10,6980800,21875703,Parkwide,All NPS Park Units,1985
11,6629756,13681863,Parkwide,All NPS Park Units,1985
12,6534910,10781008,Parkwide,All NPS Park Units,1985
1,6211659,10346671,Parkwide,All NPS Park Units,1986
2,6048084,10026633,Parkwide,All NPS Park Units,1986
3,6679335,16944271,Parkwide,All NPS Park Units,1986
4,6850864,21249454,Parkwide,All NPS Park Units,1986
5,7451578,28531372,Parkwide,All NPS Park Units,1986
6,7623503,33906858,Parkwide,All NPS Park Units,1986
7,7931192,43340620,Parkwide,All NPS Park Units,1986
8,7749633,40269002,Parkwide,All NPS Park Units,1986
9,6870341,26708189,Parkwide,All NPS Park Units,1986
10,6919839,23270554,Parkwide,All NPS Park Units,1986
11,6370291,15172852,Parkwide,All NPS Park Units,1986
12,6750330,11328374,Parkwide,All NPS Park Units,1986
1,5974842,10067556,Parkwide,All NPS Park Units,1987
2,5962929,10416908,Parkwide,All NPS Park Units,1987
3,6444418,15572832,Parkwide,All NPS Park Units,1987
4,6817744,21353326,Parkwide,All NPS Park Units,1987
5,7470324,29277153,Parkwide,All NPS Park Units,1987
6,7555470,34140676,Parkwide,All NPS Park Units,1987
7,8505040,42754236,Parkwide,All NPS Park Units,1987
8,8492110,41718894,Parkwide,All NPS Park Units,1987
9,7464661,27923913,Parkwide,All NPS Park Units,1987
10,7216499,26376374,Parkwide,All NPS Park Units,1987
11,6859645,15660309,Parkwide,All NPS Park Units,1987
12,6942454,11982821,Parkwide,All NPS Park Units,1987
1,5657872,10046540,Parkwide,All NPS Park Units,1988
2,6180831,11392218,Parkwide,All NPS Park Units,1988
3,6451579,16720754,Parkwide,All NPS Park Units,1988
4,7225706,22186247,Parkwide,All NPS Park Units,1988
5,7539903,27824017,Parkwide,All NPS Park Units,1988
6,7707709,35775605,Parkwide,All NPS Park Units,1988
7,8118174,42526490,Parkwide,All NPS Park Units,1988
8,8102113,38438887,Parkwide,All NPS Park Units,1988
9,7325876,27230485,Parkwide,All NPS Park Units,1988
10,7400043,24119520,Parkwide,All NPS Park Units,1988
11,6701030,15082951,Parkwide,All NPS Park Units,1988
12,7127504,11107727,Parkwide,All NPS Park Units,1988
1,5909951,11174094,Parkwide,All NPS Park Units,1989
2,5488509,10810119,Parkwide,All NPS Park Units,1989
3,6554690,16082754,Parkwide,All NPS Park Units,1989
4,6688877,20375717,Parkwide,All NPS Park Units,1989
5,7470304,25468824,Parkwide,All NPS Park Units,1989
6,7607378,32700959,Parkwide,All NPS Park Units,1989
7,8247049,40665695,Parkwide,All NPS Park Units,1989
8,8286623,38029793,Parkwide,All NPS Park Units,1989
9,7210596,27036334,Parkwide,All NPS Park Units,1989
10,7247203,22682878,Parkwide,All NPS Park Units,1989
11,5873316,14510702,Parkwide,All NPS Park Units,1989
12,5926847,9861968,Parkwide,All NPS Park Units,1989
1,5445220,10285471,Parkwide,All NPS Park Units,1990
2,5412689,10706644,Parkwide,All NPS Park Units,1990
3,6225900,14991311,Parkwide,All NPS Park Units,1990
4,6629055,20071890,Parkwide,All NPS Park Units,1990
5,6836257,23897587,Parkwide,All NPS Park Units,1990
6,7411427,30963969,Parkwide,All NPS Park Units,1990
7,7945906,37859474,Parkwide,All NPS Park Units,1990
8,8186424,36234833,Parkwide,All NPS Park Units,1990
9,6875526,25295920,Parkwide,All NPS Park Units,1990
10,6899089,20525672,Parkwide,All NPS Park Units,1990
11,6259699,14399790,Parkwide,All NPS Park Units,1990
12,5454078,10348906,Parkwide,All NPS Park Units,1990
1,6040959,9955590,Parkwide,All NPS Park Units,1991
2,6623465,11226582,Parkwide,All NPS Park Units,1991
3,6781930,14788565,Parkwide,All NPS Park Units,1991
4,7072697,19291071,Parkwide,All NPS Park Units,1991
5,7717701,25202118,Parkwide,All NPS Park Units,1991
6,8086697,33188780,Parkwide,All NPS Park Units,1991
7,8703271,40879212,Parkwide,All NPS Park Units,1991
8,8822602,38654569,Parkwide,All NPS Park Units,1991
9,7368888,26790448,Parkwide,All NPS Park Units,1991
10,7339835,22546353,Parkwide,All NPS Park Units,1991
11,6673294,14143329,Parkwide,All NPS Park Units,1991
12,6796070,11174382,Parkwide,All NPS Park Units,1991
1,6209285,10940618,Parkwide,All NPS Park Units,1992
2,6010027,11931340,Parkwide,All NPS Park Units,1992
3,6756902,15369139,Parkwide,All NPS Park Units,1992
4,7255782,21458739,Parkwide,All NPS Park Units,1992
5,7690763,26648530,Parkwide,All NPS Park Units,1992
6,7593227,33284625,Parkwide,All NPS Park Units,1992
7,8438755,41099305,Parkwide,All NPS Park Units,1992
8,8056823,38625804,Parkwide,All NPS Park Units,1992
9,7329755,26438266,Parkwide,All NPS Park Units,1992
10,7105574,23616057,Parkwide,All NPS Park Units,1992
11,6507805,14338165,Parkwide,All NPS Park Units,1992
12,6702698,10943961,Parkwide,All NPS Park Units,1992
1,8628312,11202937,Parkwide,All NPS Park Units,1993
2,8208623,10677949,Parkwide,All NPS Park Units,1993
3,9078088,13911804,Parkwide,All NPS Park Units,1993
4,9868305,21170106,Parkwide,All NPS Park Units,1993
5,10256008,26917507,Parkwide,All NPS Park Units,1993
6,9950973,33097919,Parkwide,All NPS Park Units,1993
7,10410680,41772235,Parkwide,All NPS Park Units,1993
8,10921567,39143224,Parkwide,All NPS Park Units,1993
9,9801206,27099273,Parkwide,All NPS Park Units,1993
10,9611823,22935005,Parkwide,All NPS Park Units,1993
11,9065543,13990104,Parkwide,All NPS Park Units,1993
12,8785015,11202862,Parkwide,All NPS Park Units,1993
1,7840782,9362863,Parkwide,All NPS Park Units,1994
2,7725267,10434354,Parkwide,All NPS Park Units,1994
3,8560807,15767997,Parkwide,All NPS Park Units,1994
4,9574393,20698703,Parkwide,All NPS Park Units,1994
5,10167412,25378601,Parkwide,All NPS Park Units,1994
6,10977762,32364075,Parkwide,All NPS Park Units,1994
7,10993521,41092295,Parkwide,All NPS Park Units,1994
8,9800826,37782774,Parkwide,All NPS Park Units,1994
9,9874008,27016118,Parkwide,All NPS Park Units,1994
10,9764590,22875911,Parkwide,All NPS Park Units,1994
11,7675811,14402054,Parkwide,All NPS Park Units,1994
12,8564698,11460424,Parkwide,All NPS Park Units,1994
1,7691438,10485767,Parkwide,All NPS Park Units,1995
2,9954662,10862347,Parkwide,All NPS Park Units,1995
3,10321285,16357516,Parkwide,All NPS Park Units,1995
4,9629519,21602425,Parkwide,All NPS Park Units,1995
5,10119092,25238479,Parkwide,All NPS Park Units,1995
6,10540130,32563312,Parkwide,All NPS Park Units,1995
7,10706015,42025224,Parkwide,All NPS Park Units,1995
8,10639891,38297684,Parkwide,All NPS Park Units,1995
9,10172789,26893799,Parkwide,All NPS Park Units,1995
10,10388592,22949117,Parkwide,All NPS Park Units,1995
11,9131878,13684776,Parkwide,All NPS Park Units,1995
12,8944315,8603861,Parkwide,All NPS Park Units,1995
1,9321685,8702851,Parkwide,All NPS Park Units,1996
2,9625907,10977375,Parkwide,All NPS Park Units,1996
3,11069564,15495445,Parkwide,All NPS Park Units,1996
4,11161037,20763835,Parkwide,All NPS Park Units,1996
5,11792495,24187245,Parkwide,All NPS Park Units,1996
6,12037389,31856058,Parkwide,All NPS Park Units,1996
7,12288796,39929260,Parkwide,All NPS Park Units,1996
8,12518856,37931617,Parkwide,All NPS Park Units,1996
9,11311851,26707699,Parkwide,All NPS Park Units,1996
10,11592486,22919975,Parkwide,All NPS Park Units,1996
11,10032162,14557841,Parkwide,All NPS Park Units,1996
12,11278048,11766962,Parkwide,All NPS Park Units,1996
1,11141269,10471052,Parkwide,All NPS Park Units,1997
2,10018044,11552725,Parkwide,All NPS Park Units,1997
3,11515496,17152934,Parkwide,All NPS Park Units,1997
4,11728777,20173719,Parkwide,All NPS Park Units,1997
5,12152811,26410125,Parkwide,All NPS Park Units,1997
6,12472660,32012003,Parkwide,All NPS Park Units,1997
7,13691931,41143029,Parkwide,All NPS Park Units,1997
8,13213408,38425342,Parkwide,All NPS Park Units,1997
9,12060971,26703300,Parkwide,All NPS Park Units,1997
10,12339480,23742405,Parkwide,All NPS Park Units,1997
11,11175164,15101003,Parkwide,All NPS Park Units,1997
12,11415003,12348698,Parkwide,All NPS Park Units,1997
1,10209812,11322171,Parkwide,All NPS Park Units,1998
2,10779188,11736699,Parkwide,All NPS Park Units,1998
3,12134752,17239772,Parkwide,All NPS Park Units,1998
4,12382047,23265483,Parkwide,All NPS Park Units,1998
5,13162140,27760213,Parkwide,All NPS Park Units,1998
6,13300413,33123358,Parkwide,All NPS Park Units,1998
7,13917501,42112152,Parkwide,All NPS Park Units,1998
8,13174394,39056651,Parkwide,All NPS Park Units,1998
9,12704800,28248144,Parkwide,All NPS Park Units,1998
10,13074537,24652097,Parkwide,All NPS Park Units,1998
11,12056212,16130477,Parkwide,All NPS Park Units,1998
12,12002009,12115048,Parkwide,All NPS Park Units,1998
1,11250423,10791315,Parkwide,All NPS Park Units,1999
2,10680926,12526727,Parkwide,All NPS Park Units,1999
3,12121612,17326973,Parkwide,All NPS Park Units,1999
4,12356338,23327872,Parkwide,All NPS Park Units,1999
5,13089518,27994468,Parkwide,All NPS Park Units,1999
6,12832664,33496802,Parkwide,All NPS Park Units,1999
7,13677895,42072518,Parkwide,All NPS Park Units,1999
8,13044805,38013029,Parkwide,All NPS Park Units,1999
9,12413966,27748261,Parkwide,All NPS Park Units,1999
10,13097896,24341909,Parkwide,All NPS Park Units,1999
11,12557324,16852702,Parkwide,All NPS Park Units,1999
12,12041632,12638303,Parkwide,All NPS Park Units,1999
1,10300555,11097190,Parkwide,All NPS Park Units,2000
2,10693120,12732787,Parkwide,All NPS Park Units,2000
3,11970551,18500683,Parkwide,All NPS Park Units,2000
4,11833156,23189692,Parkwide,All NPS Park Units,2000
5,12774675,27644158,Parkwide,All NPS Park Units,2000
6,12568156,34368752,Parkwide,All NPS Park Units,2000
7,13105353,42321169,Parkwide,All NPS Park Units,2000
8,12749498,36118062,Parkwide,All NPS Park Units,2000
9,12142387,27162002,Parkwide,All NPS Park Units,2000
10,12535098,24609948,Parkwide,All NPS Park Units,2000
11,11586245,16211506,Parkwide,All NPS Park Units,2000
12,11703054,11935326,Parkwide,All NPS Park Units,2000
1,10818456,11850560,Parkwide,All NPS Park Units,2001
2,10335419,12394598,Parkwide,All NPS Park Units,2001
3,11728755,17825243,Parkwide,All NPS Park Units,2001
4,11902999,24004280,Parkwide,All NPS Park Units,2001
5,12382143,27731527,Parkwide,All NPS Park Units,2001
6,12770837,33720434,Parkwide,All NPS Park Units,2001
7,13509190,42018901,Parkwide,All NPS Park Units,2001
8,13117008,37165900,Parkwide,All NPS Park Units,2001
9,11946431,25276928,Parkwide,All NPS Park Units,2001
10,13285882,21307383,Parkwide,All NPS Park Units,2001
11,10872926,14946856,Parkwide,All NPS Park Units,2001
12,11758579,11631316,Parkwide,All NPS Park Units,2001
1,10722586,11421741,Parkwide,All NPS Park Units,2002
2,10641204,12841311,Parkwide,All NPS Park Units,2002
3,12045760,17711462,Parkwide,All NPS Park Units,2002
4,12215676,21593754,Parkwide,All NPS Park Units,2002
5,12658537,26308925,Parkwide,All NPS Park Units,2002
6,12672351,32713128,Parkwide,All NPS Park Units,2002
7,13180644,41331522,Parkwide,All NPS Park Units,2002
8,12797804,36579582,Parkwide,All NPS Park Units,2002
9,12037313,26255297,Parkwide,All NPS Park Units,2002
10,12579810,22517581,Parkwide,All NPS Park Units,2002
11,10876082,15866502,Parkwide,All NPS Park Units,2002
12,11551797,12159075,Parkwide,All NPS Park Units,2002
1,11162628,11407956,Parkwide,All NPS Park Units,2003
2,9803619,10773369,Parkwide,All NPS Park Units,2003
3,11984636,16122086,Parkwide,All NPS Park Units,2003
4,12613401,20418613,Parkwide,All NPS Park Units,2003
5,12957627,24731297,Parkwide,All NPS Park Units,2003
6,12827721,31340581,Parkwide,All NPS Park Units,2003
7,14152341,39805110,Parkwide,All NPS Park Units,2003
8,13110380,35708172,Parkwide,All NPS Park Units,2003
9,12120689,24931415,Parkwide,All NPS Park Units,2003
10,12850623,22999234,Parkwide,All NPS Park Units,2003
11,12174013,15987797,Parkwide,All NPS Park Units,2003
12,12129100,12004660,Parkwide,All NPS Park Units,2003
1,11370682,11115405,Parkwide,All NPS Park Units,2004
2,11416396,12280969,Parkwide,All NPS Park Units,2004
3,12622027,17311525,Parkwide,All NPS Park Units,2004
4,12741466,22317013,Parkwide,All NPS Park Units,2004
5,12790088,27524688,Parkwide,All NPS Park Units,2004
6,13403189,32884966,Parkwide,All NPS Park Units,2004
7,13560724,40022705,Parkwide,All NPS Park Units,2004
8,14114670,35868483,Parkwide,All NPS Park Units,2004
9,12530770,26230012,Parkwide,All NPS Park Units,2004
10,13574998,23453877,Parkwide,All NPS Park Units,2004
11,11928054,15699214,Parkwide,All NPS Park Units,2004
12,10745347,12199480,Parkwide,All NPS Park Units,2004
1,11054884,11366715,Parkwide,All NPS Park Units,2005
2,11040043,12031201,Parkwide,All NPS Park Units,2005
3,12891409,18246507,Parkwide,All NPS Park Units,2005
4,12366693,22199184,Parkwide,All NPS Park Units,2005
5,12915565,26350699,Parkwide,All NPS Park Units,2005
6,13434993,32638916,Parkwide,All NPS Park Units,2005
7,13668169,40423529,Parkwide,All NPS Park Units,2005
8,12886605,34398019,Parkwide,All NPS Park Units,2005
9,12389904,25338210,Parkwide,All NPS Park Units,2005
10,12800050,22006728,Parkwide,All NPS Park Units,2005
11,11909890,16411766,Parkwide,All NPS Park Units,2005
12,12540242,12077277,Parkwide,All NPS Park Units,2005
1,12750803,11714667,Parkwide,All NPS Park Units,2006
2,12223161,11960476,Parkwide,All NPS Park Units,2006
3,13814333,18355290,Parkwide,All NPS Park Units,2006
4,13881191,24133800,Parkwide,All NPS Park Units,2006
5,14482684,26067774,Parkwide,All NPS Park Units,2006
6,14307475,30847147,Parkwide,All NPS Park Units,2006
7,14884702,38465721,Parkwide,All NPS Park Units,2006
8,14384861,33510779,Parkwide,All NPS Park Units,2006
9,13765395,25820200,Parkwide,All NPS Park Units,2006
10,14165884,23010760,Parkwide,All NPS Park Units,2006
11,13814528,16115170,Parkwide,All NPS Park Units,2006
12,13293187,12622196,Parkwide,All NPS Park Units,2006
1,13047928,11428428,Parkwide,All NPS Park Units,2007
2,11826192,11099328,Parkwide,All NPS Park Units,2007
3,13544594,18515320,Parkwide,All NPS Park Units,2007
4,13715716,22759608,Parkwide,All NPS Park Units,2007
5,14651573,26800674,Parkwide,All NPS Park Units,2007
6,14560532,32596152,Parkwide,All NPS Park Units,2007
7,14727289,39379994,Parkwide,All NPS Park Units,2007
8,14333738,34735792,Parkwide,All NPS Park Units,2007
9,13696811,26429060,Parkwide,All NPS Park Units,2007
10,13715223,23030731,Parkwide,All NPS Park Units,2007
11,12957364,16345623,Parkwide,All NPS Park Units,2007
12,12979336,12460837,Parkwide,All NPS Park Units,2007
1,12844328,10860124,Parkwide,All NPS Park Units,2008
2,12095535,11897979,Parkwide,All NPS Park Units,2008
3,13294893,18721274,Parkwide,All NPS Park Units,2008
4,13469617,22660741,Parkwide,All NPS Park Units,2008
5,14229194,26507720,Parkwide,All NPS Park Units,2008
6,13671108,32632117,Parkwide,All NPS Park Units,2008
7,14451852,38336767,Parkwide,All NPS Park Units,2008
8,14342109,35761780,Parkwide,All NPS Park Units,2008
9,13346060,25182007,Parkwide,All NPS Park Units,2008
10,13609687,23361770,Parkwide,All NPS Park Units,2008
11,12999422,16513083,Parkwide,All NPS Park Units,2008
12,13477186,12417587,Parkwide,All NPS Park Units,2008
1,12451770,13406200,Parkwide,All NPS Park Units,2009
2,11756703,11873185,Parkwide,All NPS Park Units,2009
3,13538862,17851433,Parkwide,All NPS Park Units,2009
4,13457700,23775560,Parkwide,All NPS Park Units,2009
5,13986273,27646650,Parkwide,All NPS Park Units,2009
6,13713917,33313392,Parkwide,All NPS Park Units,2009
7,14854545,40931612,Parkwide,All NPS Park Units,2009
8,14131246,36987107,Parkwide,All NPS Park Units,2009
9,13610379,28126344,Parkwide,All NPS Park Units,2009
10,13613800,23263230,Parkwide,All NPS Park Units,2009
11,12755153,16514140,Parkwide,All NPS Park Units,2009
12,12888390,11891088,Parkwide,All NPS Park Units,2009
1,12046304,10309869,Parkwide,All NPS Park Units,2010
2,10702397,10169103,Parkwide,All NPS Park Units,2010
3,13005097,17763525,Parkwide,All NPS Park Units,2010
4,12725619,24139936,Parkwide,All NPS Park Units,2010
5,13221027,27259363,Parkwide,All NPS Park Units,2010
6,13771205,33991005,Parkwide,All NPS Park Units,2010
7,13715962,41038809,Parkwide,All NPS Park Units,2010
8,13652457,37279671,Parkwide,All NPS Park Units,2010
9,12970531,28004561,Parkwide,All NPS Park Units,2010
10,12872621,24185670,Parkwide,All NPS Park Units,2010
11,12212822,16228586,Parkwide,All NPS Park Units,2010
12,12323006,10933671,Parkwide,All NPS Park Units,2010
1,11911347,10712182,Parkwide,All NPS Park Units,2011
2,10992617,11703480,Parkwide,All NPS Park Units,2011
3,13235646,17388421,Parkwide,All NPS Park Units,2011
4,12528514,21985543,Parkwide,All NPS Park Units,2011
5,13079877,26290590,Parkwide,All NPS Park Units,2011
6,13201979,33472819,Parkwide,All NPS Park Units,2011
7,14168331,41204774,Parkwide,All NPS Park Units,2011
8,13694827,35499706,Parkwide,All NPS Park Units,2011
9,12826625,27240218,Parkwide,All NPS Park Units,2011
10,12876342,24192153,Parkwide,All NPS Park Units,2011
11,12378375,16288789,Parkwide,All NPS Park Units,2011
12,11886743,12960541,Parkwide,All NPS Park Units,2011
1,11096834,11638383,Parkwide,All NPS Park Units,2012
2,10924535,12212718,Parkwide,All NPS Park Units,2012
3,12510840,19122312,Parkwide,All NPS Park Units,2012
4,12568189,23513609,Parkwide,All NPS Park Units,2012
5,13051585,28269549,Parkwide,All NPS Park Units,2012
6,13268699,34472571,Parkwide,All NPS Park Units,2012
7,13269846,40340768,Parkwide,All NPS Park Units,2012
8,13092733,35858731,Parkwide,All NPS Park Units,2012
9,12778850,27928341,Parkwide,All NPS Park Units,2012
10,12913952,22159931,Parkwide,All NPS Park Units,2012
11,11779168,15135061,Parkwide,All NPS Park Units,2012
12,12185949,12113708,Parkwide,All NPS Park Units,2012
1,11931193,11535625,Parkwide,All NPS Park Units,2013
2,11393428,11130734,Parkwide,All NPS Park Units,2013
3,13126817,18046998,Parkwide,All NPS Park Units,2013
4,13189790,22517554,Parkwide,All NPS Park Units,2013
5,13722028,27454490,Parkwide,All NPS Park Units,2013
6,13939292,33634039,Parkwide,All NPS Park Units,2013
7,14445817,39828291,Parkwide,All NPS Park Units,2013
8,13944176,36401846,Parkwide,All NPS Park Units,2013
9,13359151,27349760,Parkwide,All NPS Park Units,2013
10,13182114,15752295,Parkwide,All NPS Park Units,2013
11,12664312,16843274,Parkwide,All NPS Park Units,2013
12,11881184,13135989,Parkwide,All NPS Park Units,2013
1,12692347,11127407,Parkwide,All NPS Park Units,2014
2,12095066,11486231,Parkwide,All NPS Park Units,2014
3,13672064,18069089,Parkwide,All NPS Park Units,2014
4,13904476,24570094,Parkwide,All NPS Park Units,2014
5,14487382,29480959,Parkwide,All NPS Park Units,2014
6,14866563,35154871,Parkwide,All NPS Park Units,2014
7,15388431,41249461,Parkwide,All NPS Park Units,2014
8,16639312,39050202,Parkwide,All NPS Park Units,2014
9,14432740,28205185,Parkwide,All NPS Park Units,2014
10,14531919,24324615,Parkwide,All NPS Park Units,2014
11,13111068,16157409,Parkwide,All NPS Park Units,2014
12,12974272,13924559,Parkwide,All NPS Park Units,2014
1,13503301,12190204,Parkwide,All NPS Park Units,2015
2,12815580,11584802,Parkwide,All NPS Park Units,2015
3,14353332,19322314,Parkwide,All NPS Park Units,2015
4,14700686,25549419,Parkwide,All NPS Park Units,2015
5,15378923,31707370,Parkwide,All NPS Park Units,2015
6,15131465,36734930,Parkwide,All NPS Park Units,2015
7,15832027,43365014,Parkwide,All NPS Park Units,2015
8,15459283,39566570,Parkwide,All NPS Park Units,2015
9,14564505,30367492,Parkwide,All NPS Park Units,2015
10,14214261,25485168,Parkwide,All NPS Park Units,2015
11,13730158,16928486,Parkwide,All NPS Park Units,2015
12,13377160,14445483,Parkwide,All NPS Park Units,2015
1,12106086,12075043,Parkwide,All NPS Park Units,2016
2,12493094,13181211,Parkwide,All NPS Park Units,2016
3,14478854,22465441,Parkwide,All NPS Park Units,2016
4,14381716,25569757,Parkwide,All NPS Park Units,2016
5,15104967,31673252,Parkwide,All NPS Park Units,2016
6,15173840,39773371,Parkwide,All NPS Park Units,2016
7,17312707,46533514,Parkwide,All NPS Park Units,2016
8,15295883,41860840,Parkwide,All NPS Park Units,2016
9,14192638,33564724,Parkwide,All NPS Park Units,2016
10,14783810,28732256,Parkwide,All NPS Park Units,2016
11,13862627,19951263,Parkwide,All NPS Park Units,2016
12,13099405,15591017,Parkwide,All NPS Park Units,2016
1,12932243,14341801,Parkwide,All NPS Park Units,2017
2,13127341,14623099,Parkwide,All NPS Park Units,2017
3,14042366,21415417,Parkwide,All NPS Park Units,2017
4,14361425,27746262,Parkwide,All NPS Park Units,2017
5,14501102,32144371,Parkwide,All NPS Park Units,2017
6,14870864,39293938,Parkwide,All NPS Park Units,2017
7,15417419,45778513,Parkwide,All NPS Park Units,2017
8,15039219,41756749,Parkwide,All NPS Park Units,2017
9,14818507,32614418,Parkwide,All NPS Park Units,2017
10,14696380,26914877,Parkwide,All NPS Park Units,2017
11,14332175,18987623,Parkwide,All NPS Park Units,2017
12,13973695,15265683,Parkwide,All NPS Park Units,2017
1,13712113,12635938,Parkwide,All NPS Park Units,2018
2,12830242,13822694,Parkwide,All NPS Park Units,2018
3,14575360,21035485,Parkwide,All NPS Park Units,2018
4,14265408,25889186,Parkwide,All NPS Park Units,2018
5,14190347,32211085,Parkwide,All NPS Park Units,2018
6,14872373,39331983,Parkwide,All NPS Park Units,2018
7,15334272,44636360,Parkwide,All NPS Park Units,2018
8,14900808,39182620,Parkwide,All NPS Park Units,2018
9,14251591,31323509,Parkwide,All NPS Park Units,2018
10,14059432,26474952,Parkwide,All NPS Park Units,2018
11,13645350,17774444,Parkwide,All NPS Park Units,2018
12,13693455,13893577,Parkwide,All NPS Park Units,2018
1,12096049,10421017,Parkwide,All NPS Park Units,2019
2,12441585,13234605,Parkwide,All NPS Park Units,2019
3,14491577,21419934,Parkwide,All NPS Park Units,2019
4,13990136,27448441,Parkwide,All NPS Park Units,2019
5,14440653,32363533,Parkwide,All NPS Park Units,2019
6,14614238,41731441,Parkwide,All NPS Park Units,2019
7,15512560,45230730,Parkwide,All NPS Park Units,2019
8,15058105,40784074,Parkwide,All NPS Park Units,2019
9,14385986,32489175,Parkwide,All NPS Park Units,2019
10,14584146,27559388,Parkwide,All NPS Park Units,2019
11,13907321,19269040,Parkwide,All NPS Park Units,2019
12,13926284,15565241,Parkwide,All NPS Park Units,2019
1,13168717,13759386,Parkwide,All NPS Park Units,2020
2,12656865,14654517,Parkwide,All NPS Park Units,2020
3,12679730,15097065,Parkwide,All NPS Park Units,2020
4,10717691,7932427,Parkwide,All NPS Park Units,2020
5,11284652,14045693,Parkwide,All NPS Park Units,2020
6,11848367,25067367,Parkwide,All NPS Park Units,2020
7,12962564,33048198,Parkwide,All NPS Park Units,2020
8,12940147,31936680,Parkwide,All NPS Park Units,2020
9,12874388,27044922,Parkwide,All NPS Park Units,2020
10,12897054,24213004,Parkwide,All NPS Park Units,2020
11,11990950,16578733,Parkwide,All NPS Park Units,2020
12,12415212,13686340,Parkwide,All NPS Park Units,2020
1,11632614,11978413,Parkwide,All NPS Park Units,2021
2,11082899,11692967,Parkwide,All NPS Park Units,2021
3,12981524,18370611,Parkwide,All NPS Park Units,2021
4,12857567,22155245,Parkwide,All NPS Park Units,2021
5,13250575,27963739,Parkwide,All NPS Park Units,2021
6,13789961,36122392,Parkwide,All NPS Park Units,2021
7,14734920,41329530,Parkwide,All NPS Park Units,2021
8,14280304,35380986,Parkwide,All NPS Park Units,2021
9,13382939,30204635,Parkwide,All NPS Park Units,2021
10,13882165,26961779,Parkwide,All NPS Park Units,2021
11,13192146,18903397,Parkwide,All NPS Park Units,2021
12,13007065,16051712,Parkwide,All NPS Park Units,2021
1,12193397,12182742,Parkwide,All NPS Park Units,2022
2,11972458,13951368,Parkwide,All NPS Park Units,2022
3,13944010,22265903,Parkwide,All NPS Park Units,2022
4,13366887,25596156,Parkwide,All NPS Park Units,2022
5,13879167,29728988,Parkwide,All NPS Park Units,2022
6,14252035,37538075,Parkwide,All NPS Park Units,2022
7,14652650,41036723,Parkwide,All NPS Park Units,2022
8,14612737,36060607,Parkwide,All NPS Park Units,2022
9,13726663,30877727,Parkwide,All NPS Park Units,2022
10,14187333,28282686,Parkwide,All NPS Park Units,2022
11,13179801,18936294,Parkwide,All NPS Park Units,2022
12,12782018,15528729,Parkwide,All NPS Park Units,2022
1,13016720,13636466,Parkwide,All NPS Park Units,2023
2,12518074,14895900,Parkwide,All NPS Park Units,2023
3,14388294,22215789,Parkwide,All NPS Park Units,2023
4,14203912,26383797,Parkwide,All NPS Park Units,2023
5,14928384,31859672,Parkwide,All NPS Park Units,2023
6,14942656,38753491,Parkwide,All NPS Park Units,2023
7,15466721,42463634,Parkwide,All NPS Park Units,2023
8,15097240,37500130,Parkwide,All NPS Park Units,2023
9,14424743,32418448,Parkwide,All NPS Park Units,2023
10,14890795,29636427,Parkwide,All NPS Park Units,2023
11,14026785,19441371,Parkwide,All NPS Park Units,2023
12,13495629,16293521,Parkwide,All NPS Park Units,2023
1,13081300,12970984,Parkwide,All NPS Park Units,2024
2,12834808,15590610,Parkwide,All NPS Park Units,2024
3,14539980,25134265,Parkwide,All NPS Park Units,2024
4,14224808,27344972,Parkwide,All NPS Park Units,2024
5,14783508,32913479,Parkwide,All NPS Park Units,2024
6,14952428,41239822,Parkwide,All NPS Park Units,2024
7,15480335,42121082,Parkwide,All NPS Park Units,2024
8,15170200,37888831,Parkwide,All NPS Park Units,2024
9,14396130,32059873,Parkwide,All NPS Park Units,2024
10,14945734,28426737,Parkwide,All NPS Park Units,2024
11,13718039,19661773,Parkwide,All NPS Park Units,2024
12,13640672,16510930,Parkwide,All NPS Park Units,2024
